customer_id,age,signup_date,signup_channel,region,loyalty_tier,churned
1,20,2023-04-25,ads,East,silver,1
2,27,2023-08-17,ads,West,gold,0
3,21,2024-03-08,web,East,gold,1
4,51,2023-08-27,ads,East,bronze,1
5,33,2024-03-05,referral,North,gold,0
6,67,2023-01-07,ads,South,silver,0
7,36,2023-12-15,web,North,bronze,0
8,24,2023-04-15,web,North,bronze,1
9,57,2023-12-19,web,West,silver,0
10,53,2024-04-15,web,South,silver,0
11,54,2023-03-22,web,North,gold,0
12,64,2023-07-16,web,East,silver,0
13,24,2023-10-24,organic,West,platinum,0
14,36,2024-01-25,referral,North,silver,0
15,42,2023-06-16,web,North,silver,0
16,57,2023-03-15,ads,East,gold,0
17,48,2023-06-17,web,East,bronze,0
18,68,2023-11-29,ads,East,silver,0
19,39,2023-02-02,referral,West,silver,1
20,55,2023-08-05,organic,North,platinum,0
21,60,2023-08-06,referral,South,silver,0
22,35,2023-05-27,web,North,bronze,0
23,56,2024-03-14,web,East,silver,0
24,51,2023-05-22,referral,West,silver,0
25,28,2023-04-23,ads,South,gold,0
26,43,2023-03-07,web,South,bronze,0
27,54,2023-09-15,organic,West,silver,1
28,62,2023-04-28,organic,North,bronze,1
29,26,2023-12-15,web,East,bronze,1
30,19,2024-04-09,organic,North,silver,0
31,67,2024-05-27,web,West,silver,0
32,59,2023-11-02,referral,East,silver,0
33,42,2023-06-06,ads,West,silver,0
34,50,2023-11-28,web,North,gold,0
35,34,2023-11-11,web,West,silver,0
36,65,2023-03-29,referral,West,silver,0
37,27,2023-05-09,ads,East,bronze,0
38,52,2023-09-29,organic,South,bronze,1
39,53,2023-08-05,ads,East,bronze,1
40,44,2023-11-16,organic,North,silver,0
41,52,2024-03-24,referral,East,bronze,0
42,23,2023-08-19,web,East,silver,0
43,19,2023-08-14,web,West,gold,0
44,23,2023-08-23,organic,North,silver,0
45,51,2023-03-14,web,South,gold,0
46,53,2023-08-08,web,South,bronze,0
47,49,2023-09-06,ads,East,silver,0
48,25,2023-04-07,ads,North,silver,0
49,45,2024-03-09,referral,West,gold,0
50,22,2023-04-11,referral,North,silver,0
51,34,2023-04-22,web,South,bronze,1
52,46,2023-05-24,web,South,bronze,1
53,23,2023-09-13,referral,West,silver,0
54,60,2023-02-21,organic,West,gold,1
55,67,2023-04-06,ads,East,bronze,1
56,50,2024-02-21,referral,South,bronze,1
57,29,2023-03-02,web,South,silver,1
58,48,2023-09-29,web,South,bronze,1
59,31,2023-06-08,web,West,silver,1
60,66,2023-03-04,web,West,bronze,1
