order_id,customer_id,order_date,amount
1001,1,2023-07-14,15.65
1002,1,2023-07-29,64.88
1003,1,2024-02-10,20.28
1004,1,2024-03-07,40.05
1005,2,2023-12-30,27.13
1006,2,2024-01-17,20.73
1007,2,2023-09-23,39.1
1008,2,2024-05-18,25.32
1009,2,2024-02-11,31.62
1010,2,2024-05-21,60.01
1011,3,2024-03-25,47.98
1012,3,2024-04-13,51.95
1013,3,2024-04-03,121.85
1014,3,2024-05-11,32.65
1015,3,2024-06-24,30.55
1016,4,2024-04-01,39.04
1017,5,2024-03-09,77.96
1018,5,2024-03-23,34.15
1019,5,2024-04-20,25.42
1020,5,2024-03-18,26.74
1021,5,2024-06-24,29.0
1022,5,2024-03-24,61.95
1023,6,2023-12-13,57.56
1024,6,2023-09-18,13.0
1025,6,2023-04-27,32.61
1026,7,2024-03-13,14.91
1027,8,2023-09-30,29.24
1028,9,2024-06-09,66.3
1029,9,2024-01-15,42.07
1030,10,2024-04-29,28.34
1031,10,2024-05-17,17.08
1032,10,2024-06-20,87.36
1033,11,2023-09-24,10.3
1034,11,2023-09-07,51.69
1035,11,2023-05-24,49.22
1036,11,2023-08-27,46.23
1037,11,2024-03-12,29.34
1038,11,2023-10-23,47.02
1039,11,2024-04-08,98.35
1040,12,2024-05-07,42.46
1041,12,2024-02-27,34.14
1042,13,2023-12-06,45.12
1043,13,2024-04-10,44.2
1044,13,2024-05-20,63.9
1045,13,2024-01-11,26.46
1046,13,2023-10-30,57.6
1047,13,2024-02-17,29.43
1048,13,2023-12-12,51.13
1049,13,2024-02-03,18.13
1050,13,2023-10-25,9.45
1051,13,2024-04-19,37.26
1052,13,2023-12-26,19.18
1053,13,2024-03-07,53.44
1054,13,2024-03-01,17.42
1055,13,2024-02-15,35.44
1056,14,2024-06-06,35.91
1057,14,2024-05-16,20.94
1058,14,2024-04-03,8.6
1059,14,2024-02-14,23.48
1060,14,2024-03-04,45.07
1061,15,2023-09-29,61.22
1062,15,2024-04-10,85.33
1063,15,2024-02-15,17.83
1064,15,2024-01-01,27.04
1065,16,2023-07-05,24.13
1066,16,2023-09-30,22.6
1067,16,2023-10-08,137.86
1068,16,2024-06-27,14.44
1069,16,2023-03-28,93.77
1070,17,2024-02-08,24.39
1071,18,2024-03-05,23.38
1072,18,2024-03-28,69.94
1073,18,2024-05-13,8.3
1074,19,2023-05-30,39.53
1075,19,2023-10-22,49.53
1076,20,2023-09-29,103.96
1077,20,2024-05-25,25.99
1078,20,2023-09-12,61.12
1079,20,2023-12-07,83.69
1080,20,2023-10-05,69.68
1081,20,2023-08-26,28.44
1082,20,2024-02-10,16.56
1083,20,2024-04-11,77.23
1084,20,2023-10-22,29.12
1085,21,2024-05-07,59.4
1086,21,2024-06-04,8.38
1087,22,2023-09-28,63.4
1088,23,2024-04-24,25.0
1089,23,2024-06-24,26.67
1090,24,2023-09-22,54.93
1091,24,2024-06-13,22.93
1092,24,2024-05-20,35.1
1093,24,2023-07-08,26.42
1094,25,2024-01-31,38.5
1095,25,2024-05-08,39.38
1096,25,2023-12-11,27.42
1097,25,2023-06-23,49.65
1098,25,2024-05-07,42.19
1099,26,2024-03-11,52.07
1100,27,2024-02-16,43.22
1101,27,2023-11-18,61.94
1102,28,2023-12-29,34.16
1103,30,2024-05-30,35.93
1104,30,2024-04-15,21.38
1105,30,2024-06-01,59.11
1106,31,2024-06-24,23.0
1107,31,2024-06-23,22.54
1108,31,2024-06-02,16.4
1109,31,2024-06-06,21.16
1110,32,2024-03-01,28.32
1111,32,2024-04-30,8.5
1112,32,2023-11-20,75.51
1113,33,2023-10-20,23.21
1114,33,2024-06-23,32.85
1115,33,2023-11-08,36.63
1116,33,2023-07-17,84.48
1117,34,2024-01-25,154.74
1118,34,2024-06-10,45.72
1119,34,2023-12-08,49.45
1120,34,2024-04-08,201.0
1121,34,2024-01-13,84.03
1122,35,2023-12-07,60.56
1123,35,2024-05-06,36.14
1124,35,2024-02-21,70.64
1125,36,2024-04-27,30.38
1126,36,2023-03-29,50.66
1127,37,2024-05-30,36.51
1128,39,2024-04-09,41.89
1129,40,2023-12-09,43.15
1130,40,2024-05-17,18.79
1131,40,2024-03-01,21.35
1132,40,2024-02-22,17.66
1133,41,2024-06-30,58.42
1134,42,2024-01-10,135.96
1135,42,2024-06-10,17.84
1136,42,2024-02-11,18.79
1137,42,2024-02-28,34.39
1138,43,2023-12-11,64.72
1139,43,2024-01-23,80.1
1140,43,2024-02-25,26.59
1141,43,2023-10-30,36.43
1142,43,2024-04-27,70.62
1143,43,2023-10-04,68.77
1144,44,2024-03-19,20.32
1145,44,2024-03-13,94.99
1146,44,2024-05-22,31.01
1147,45,2023-04-01,42.3
1148,45,2024-02-27,55.22
1149,45,2023-05-03,83.9
1150,45,2023-05-04,30.76
1151,45,2024-06-18,18.96
1152,45,2023-04-11,26.79
1153,45,2023-05-27,24.28
1154,46,2024-06-15,91.84
1155,47,2024-01-14,173.68
1156,47,2024-05-01,20.53
1157,47,2024-02-29,34.52
1158,48,2023-09-05,22.42
1159,48,2024-03-23,51.31
1160,48,2024-05-21,24.94
1161,49,2024-06-01,44.6
1162,49,2024-03-21,107.37
1163,49,2024-04-17,31.6
1164,49,2024-04-15,27.67
1165,49,2024-04-03,17.23
1166,49,2024-04-24,51.24
1167,50,2023-12-13,68.42
1168,50,2024-06-29,30.82
1169,51,2024-04-02,19.98
1170,53,2024-01-25,57.36
1171,53,2024-03-21,22.59
1172,53,2023-09-25,24.14
1173,54,2024-02-14,26.7
1174,54,2023-05-03,21.3
1175,54,2023-09-07,32.05
1176,54,2024-03-07,54.77
1177,54,2023-12-18,47.96
1178,55,2023-10-31,65.05
1179,56,2024-04-21,53.76
1180,57,2023-06-07,51.25
1181,57,2023-06-18,51.0
1182,59,2024-03-23,41.42
1183,59,2023-10-05,30.27
1184,60,2023-05-17,50.22
